Hist name	histone	Hist org	Res	uniprot	Name domain	Bp org
Histone H3	H3	Saccharomyces cerevisiae	1	q27198	, Acetyltransf_1	Tetrahymena thermophila
Histone H3	H3	Saccharomyces cerevisiae	2	q27198	, Acetyltransf_1	Tetrahymena thermophila
Histone H3	H3	Saccharomyces cerevisiae	3	q27198	, Acetyltransf_1	Tetrahymena thermophila
Histone H3	H3	Saccharomyces cerevisiae	4	q27198	, Acetyltransf_1	Tetrahymena thermophila
Histone H3	H3	Saccharomyces cerevisiae	5	q27198	, Acetyltransf_1	Tetrahymena thermophila
Histone H3	H3	Saccharomyces cerevisiae	6	q27198	, Acetyltransf_1	Tetrahymena thermophila
Histone H3	H3	Saccharomyces cerevisiae	7	q27198	, Acetyltransf_1	Tetrahymena thermophila
Histone H3	H3	Saccharomyces cerevisiae	8	q27198	, Acetyltransf_1	Tetrahymena thermophila
Histone H3	H3	Saccharomyces cerevisiae	9	q27198	, Acetyltransf_1	Tetrahymena thermophila
Histone H3	H3	Saccharomyces cerevisiae	10	q27198	, Acetyltransf_1	Tetrahymena thermophila
Histone H3	H3	Saccharomyces cerevisiae	11	q27198	, Acetyltransf_1	Tetrahymena thermophila
Histone H3	H3	Saccharomyces cerevisiae	12	q27198	, Acetyltransf_1	Tetrahymena thermophila
Histone H3	H3	Saccharomyces cerevisiae	13	q27198	, Acetyltransf_1	Tetrahymena thermophila
Histone H3	H3	Saccharomyces cerevisiae	14	q27198	, Acetyltransf_1	Tetrahymena thermophila
Histone H3	H3	Saccharomyces cerevisiae	15	q27198	, Acetyltransf_1	Tetrahymena thermophila
Histone H3	H3	Saccharomyces cerevisiae	16	q27198	, Acetyltransf_1	Tetrahymena thermophila
Histone H3	H3	Saccharomyces cerevisiae	17	q27198	, Acetyltransf_1	Tetrahymena thermophila
